timestep_time;vehicle_angle;vehicle_id;vehicle_lane;vehicle_pos;vehicle_slope;vehicle_speed;vehicle_type;vehicle_x;vehicle_y
0.00;359.29;t_1;19786541#0_0;5.10;0.00;13.89;DEFAULT_VEHTYPE;264.91;31.16
0.00;359.43;t_2;264485089#0_0;5.10;0.00;13.03;DEFAULT_VEHTYPE;602.78;5.12
0.00;89.11;t_3;264617945_0;5.10;0.00;13.89;DEFAULT_VEHTYPE;5.10;744.30
1.00;359.29;t_1;19786541#0_0;19.18;0.00;14.08;DEFAULT_VEHTYPE;264.73;45.24
1.00;359.43;t_2;264485089#0_0;18.13;0.00;13.03;DEFAULT_VEHTYPE;602.65;18.15
1.00;89.11;t_3;264617945_0;17.91;0.00;12.81;DEFAULT_VEHTYPE;17.91;744.50
2.00;359.29;t_1;19786541#0_0;33.79;0.00;14.61;DEFAULT_VEHTYPE;264.55;59.85
2.00;359.43;t_2;264485089#0_0;30.76;0.00;12.63;DEFAULT_VEHTYPE;602.53;30.77
2.00;89.11;t_3;264617945_0;31.87;0.00;13.95;DEFAULT_VEHTYPE;31.86;744.72
3.00;359.29;t_1;19786541#0_0;47.30;0.00;13.51;DEFAULT_VEHTYPE;264.38;73.35
3.00;359.43;t_2;264485089#0_0;42.87;0.00;12.12;DEFAULT_VEHTYPE;602.41;42.89
3.00;89.11;t_3;264617945_0;45.65;0.00;13.78;DEFAULT_VEHTYPE;45.64;744.93
4.00;359.29;t_1;19786541#0_0;61.80;0.00;14.51;DEFAULT_VEHTYPE;264.20;87.86
4.00;359.43;t_2;264485089#0_0;55.05;0.00;12.18;DEFAULT_VEHTYPE;602.29;55.07
4.00;89.11;t_3;264617945_0;59.29;0.00;13.65;DEFAULT_VEHTYPE;59.29;745.15
5.00;359.29;t_1;19786541#0_0;75.37;0.00;13.56;DEFAULT_VEHTYPE;264.03;101.42
5.00;359.43;t_2;264485089#0_0;67.20;0.00;12.15;DEFAULT_VEHTYPE;602.16;67.21
5.00;89.11;t_3;264617945_0;72.10;0.00;12.80;DEFAULT_VEHTYPE;72.09;745.34
6.00;359.29;t_1;19786541#0_0;88.90;0.00;13.53;DEFAULT_VEHTYPE;263.87;114.95
6.00;359.43;t_2;264485089#0_0;79.00;0.00;11.80;DEFAULT_VEHTYPE;602.05;79.01
6.00;89.11;t_3;264617945_0;85.86;0.00;13.77;DEFAULT_VEHTYPE;85.86;745.56
7.00;359.29;t_1;19786541#0_0;103.09;0.00;14.19;DEFAULT_VEHTYPE;263.69;129.14
7.00;359.73;t_2;264485089#0_0;91.64;0.00;12.64;DEFAULT_VEHTYPE;601.95;91.65
7.00;89.14;t_3;:562698874_0_0;3.81;0.00;13.14;DEFAULT_VEHTYPE;98.99;745.76
8.00;359.29;t_1;19786541#0_0;116.76;0.00;13.67;DEFAULT_VEHTYPE;263.52;142.81
8.00;359.74;t_2;264485089#0_0;103.66;0.00;12.02;DEFAULT_VEHTYPE;601.89;103.67
8.00;89.13;t_3;264617944_0;6.51;0.00;13.90;DEFAULT_VEHTYPE;112.89;745.98
9.00;359.29;t_1;19786541#0_0;131.48;0.00;14.72;DEFAULT_VEHTYPE;263.34;157.53
9.00;359.74;t_2;264485089#0_0;116.60;0.00;12.93;DEFAULT_VEHTYPE;601.84;116.61
9.00;89.13;t_3;264617944_0;20.15;0.00;13.64;DEFAULT_VEHTYPE;126.52;746.19
10.00;359.29;t_1;19786541#0_0;145.64;0.00;14.17;DEFAULT_VEHTYPE;263.16;171.70
10.00;359.29;t_2;264485089#0_0;128.75;0.00;12.15;DEFAULT_VEHTYPE;601.74;128.76
10.00;89.13;t_3;264617944_0;33.59;0.00;13.45;DEFAULT_VEHTYPE;139.97;746.39
11.00;359.29;t_1;19786541#0_0;159.18;0.00;13.53;DEFAULT_VEHTYPE;262.99;185.23
11.00;359.21;t_2;264485089#0_0;141.20;0.00;12.45;DEFAULT_VEHTYPE;601.57;141.20
11.00;89.13;t_3;264617944_0;47.62;0.00;14.02;DEFAULT_VEHTYPE;153.99;746.60
12.00;359.27;t_1;:5014559274_4_0;8.77;0.00;13.87;DEFAULT_VEHTYPE;262.82;199.09
12.00;359.21;t_2;264485089#0_0;153.22;0.00;12.03;DEFAULT_VEHTYPE;601.40;153.23
12.00;89.13;t_3;264617944_0;61.23;0.00;13.61;DEFAULT_VEHTYPE;167.60;746.81
13.00;359.27;t_1;19786541#1_0;13.74;0.00;14.37;DEFAULT_VEHTYPE;262.63;213.46
13.00;359.21;t_2;264485089#0_0;165.88;0.00;12.66;DEFAULT_VEHTYPE;601.23;165.88
13.00;89.42;t_3;264617946_0;0.80;0.00;13.37;DEFAULT_VEHTYPE;180.97;746.96
14.00;359.30;t_1;19786541#1_0;28.17;0.00;14.42;DEFAULT_VEHTYPE;262.45;227.89
14.00;359.32;t_2;:791931615_4_0;4.65;0.00;11.96;DEFAULT_VEHTYPE;601.08;177.85
14.00;89.59;t_3;264617946_0;14.56;0.00;13.76;DEFAULT_VEHTYPE;194.72;747.05
15.00;359.30;t_1;19786541#1_0;41.82;0.00;13.65;DEFAULT_VEHTYPE;262.29;241.54
15.00;359.45;t_2;:267275442_5_0;6.22;0.00;12.42;DEFAULT_VEHTYPE;600.94;190.26
15.00;89.59;t_3;264617946_0;28.45;0.00;13.90;DEFAULT_VEHTYPE;208.62;747.15
16.00;359.30;t_1;19786541#1_0;55.70;0.00;13.88;DEFAULT_VEHTYPE;262.12;255.42
16.00;359.19;t_2;264485089#2_0;8.98;0.00;12.18;DEFAULT_VEHTYPE;600.79;202.44
16.00;89.59;t_3;264617946_0;41.61;0.00;13.16;DEFAULT_VEHTYPE;221.78;747.25
17.00;359.30;t_1;19786541#1_0;69.91;0.00;14.21;DEFAULT_VEHTYPE;261.94;269.63
17.00;359.19;t_2;264485089#2_0;21.75;0.00;12.77;DEFAULT_VEHTYPE;600.61;215.21
17.00;89.59;t_3;264617946_0;53.70;0.00;12.08;DEFAULT_VEHTYPE;233.86;747.34
18.00;358.92;t_1;:205748236_5_0;2.33;0.00;14.71;DEFAULT_VEHTYPE;261.71;284.34
18.00;359.19;t_2;264485089#2_0;33.63;0.00;11.87;DEFAULT_VEHTYPE;600.45;227.09
18.00;89.59;t_3;264617946_0;61.57;0.00;7.88;DEFAULT_VEHTYPE;241.73;747.39
19.00;358.94;t_1;263965140#0_0;2.51;0.00;14.63;DEFAULT_VEHTYPE;261.44;298.97
19.00;359.20;t_2;264485089#2_0;46.51;0.00;12.88;DEFAULT_VEHTYPE;600.27;239.97
19.00;89.60;t_3;264617946_0;66.09;0.00;4.52;DEFAULT_VEHTYPE;246.25;747.42
20.00;359.21;t_1;263965140#0_0;16.42;0.00;13.91;DEFAULT_VEHTYPE;261.23;312.88
20.00;359.20;t_2;264485089#2_0;58.81;0.00;12.29;DEFAULT_VEHTYPE;600.09;252.27
20.00;108.16;t_3;:251745085_2_0;4.68;0.00;5.46;DEFAULT_VEHTYPE;251.33;745.91
21.00;359.21;t_1;263965140#0_0;30.65;0.00;14.23;DEFAULT_VEHTYPE;261.03;327.11
21.00;359.20;t_2;264485089#2_0;71.54;0.00;12.74;DEFAULT_VEHTYPE;599.92;265.00
21.00;170.53;t_3;-264617942_0;1.74;0.00;6.08;DEFAULT_VEHTYPE;252.71;740.14
22.00;359.21;t_1;263965140#0_0;44.20;0.00;13.55;DEFAULT_VEHTYPE;260.84;340.66
22.00;359.20;t_2;264485089#2_0;84.07;0.00;12.53;DEFAULT_VEHTYPE;599.74;277.53
22.00;179.47;t_3;-264617942_0;9.31;0.00;7.57;DEFAULT_VEHTYPE;252.78;732.57
23.00;359.21;t_1;263965140#0_0;58.62;0.00;14.42;DEFAULT_VEHTYPE;260.64;355.08
23.00;359.58;t_2;:2701614261_3_0;4.01;0.00;11.87;DEFAULT_VEHTYPE;599.61;289.40
23.00;179.47;t_3;-264617942_0;18.89;0.00;9.58;DEFAULT_VEHTYPE;252.87;722.99
24.00;359.21;t_1;263965140#0_0;72.19;0.00;13.57;DEFAULT_VEHTYPE;260.46;368.65
24.00;359.85;t_2;264485075_0;1.79;0.00;12.06;DEFAULT_VEHTYPE;599.56;301.46
24.00;179.47;t_3;-264617942_0;29.95;0.00;11.06;DEFAULT_VEHTYPE;252.97;711.93
25.00;359.24;t_1;263965140#3_0;5.20;0.00;14.14;DEFAULT_VEHTYPE;260.27;382.78
25.00;0.17;t_2;264485075_0;13.98;0.00;12.19;DEFAULT_VEHTYPE;599.59;313.65
25.00;179.47;t_3;-264617942_0;42.41;0.00;12.46;DEFAULT_VEHTYPE;253.08;699.47
26.00;359.24;t_1;263965140#3_0;18.64;0.00;13.44;DEFAULT_VEHTYPE;260.09;396.22
26.00;359.89;t_2;:283840346_1_0;2.90;0.00;12.65;DEFAULT_VEHTYPE;599.60;326.29
26.00;179.47;t_3;-264617942_0;56.73;0.00;14.32;DEFAULT_VEHTYPE;253.22;685.15
27.00;359.24;t_1;263965140#3_0;32.64;0.00;14.00;DEFAULT_VEHTYPE;259.91;410.22
27.00;359.17;t_2;264485079#0_0;4.27;0.00;12.43;DEFAULT_VEHTYPE;599.49;338.72
27.00;179.40;t_3;:256985156_6_0;6.71;0.00;16.58;DEFAULT_VEHTYPE;253.38;668.58
28.00;359.24;t_1;263965140#3_0;46.79;0.00;14.15;DEFAULT_VEHTYPE;259.72;424.37
28.00;359.14;t_2;264485079#0_0;16.95;0.00;12.68;DEFAULT_VEHTYPE;599.30;351.40
28.00;179.38;t_3;-19831701_0;10.39;0.00;18.09;DEFAULT_VEHTYPE;253.57;650.49
29.00;359.24;t_1;263965140#3_0;60.59;0.00;13.80;DEFAULT_VEHTYPE;259.54;438.17
29.00;359.14;t_2;:2840024686_4_0;2.80;0.00;12.91;DEFAULT_VEHTYPE;599.11;364.31
29.00;179.38;t_3;-19831701_0;29.87;0.00;19.47;DEFAULT_VEHTYPE;253.79;631.01
30.00;359.24;t_1;263965140#3_0;75.00;0.00;14.41;DEFAULT_VEHTYPE;259.35;452.58
30.00;359.14;t_2;264485079#1_0;5.82;0.00;12.43;DEFAULT_VEHTYPE;598.92;376.73
30.00;179.38;t_3;-19831701_0;50.31;0.00;20.44;DEFAULT_VEHTYPE;254.01;610.58
31.00;359.04;t_1;:cluster_249177474_9568166076_5_0;5.45;0.00;14.29;DEFAULT_VEHTYPE;259.14;466.87
31.00;359.14;t_2;264485079#1_0;17.70;0.00;11.87;DEFAULT_VEHTYPE;598.74;388.61
31.00;179.38;t_3;-19831701_0;66.51;0.00;16.21;DEFAULT_VEHTYPE;254.18;594.38
32.00;359.10;t_1;211138994#0_0;6.96;0.00;13.44;DEFAULT_VEHTYPE;258.92;480.32
32.00;359.18;t_2;264485079#1_0;29.81;0.00;12.11;DEFAULT_VEHTYPE;598.57;400.71
32.00;179.38;t_3;-19831701_0;78.67;0.00;12.16;DEFAULT_VEHTYPE;254.32;582.21
33.00;359.10;t_1;211138994#0_0;20.75;0.00;13.79;DEFAULT_VEHTYPE;258.70;494.10
33.00;359.18;t_2;264485079#1_0;42.78;0.00;12.97;DEFAULT_VEHTYPE;598.38;413.68
33.00;179.38;t_3;-19831701_0;86.34;0.00;7.66;DEFAULT_VEHTYPE;254.40;574.55
34.00;359.10;t_1;211138994#0_0;35.24;0.00;14.49;DEFAULT_VEHTYPE;258.47;508.59
34.00;359.18;t_2;264485079#1_0;55.17;0.00;12.39;DEFAULT_VEHTYPE;598.20;426.08
34.00;179.41;t_3;-19831701_0;90.74;0.00;4.40;DEFAULT_VEHTYPE;254.45;570.15
35.00;359.10;t_1;211138994#0_0;49.78;0.00;14.54;DEFAULT_VEHTYPE;258.25;523.13
35.00;359.18;t_2;264485079#1_0;67.44;0.00;12.27;DEFAULT_VEHTYPE;598.03;438.34
35.00;179.44;t_3;-19831701_0;91.62;0.00;0.88;DEFAULT_VEHTYPE;254.45;569.27
36.00;359.10;t_1;211138994#0_0;59.82;0.00;10.04;DEFAULT_VEHTYPE;258.09;533.17
36.00;359.18;t_2;264485079#1_0;80.42;0.00;12.98;DEFAULT_VEHTYPE;597.84;451.32
36.00;179.44;t_3;-19831701_0;91.64;0.00;0.02;DEFAULT_VEHTYPE;254.45;569.25
37.00;359.10;t_1;211138994#0_0;65.36;0.00;5.54;DEFAULT_VEHTYPE;258.00;538.71
37.00;359.06;t_2;:249177473_5_0;0.09;0.00;12.07;DEFAULT_VEHTYPE;597.66;463.38
37.00;179.44;t_3;-19831701_0;91.64;0.00;0.01;DEFAULT_VEHTYPE;254.45;569.25
38.00;359.10;t_1;211138994#0_0;66.40;0.00;1.04;DEFAULT_VEHTYPE;257.99;539.75
38.00;359.09;t_2;:249177473_5_0;12.71;0.00;12.61;DEFAULT_VEHTYPE;597.46;476.00
38.00;179.44;t_3;-19831701_0;91.65;0.00;0.01;DEFAULT_VEHTYPE;254.45;569.24
39.00;359.10;t_1;211138994#0_0;66.48;0.00;0.08;DEFAULT_VEHTYPE;257.99;539.83
39.00;359.47;t_2;264479892_0;11.17;0.00;12.88;DEFAULT_VEHTYPE;597.33;488.88
39.00;179.44;t_3;-19831701_0;91.65;0.00;0.00;DEFAULT_VEHTYPE;254.45;569.24
40.00;359.10;t_1;211138994#0_0;66.49;0.00;0.01;DEFAULT_VEHTYPE;257.99;539.84
40.00;359.47;t_2;264479892_0;23.32;0.00;12.15;DEFAULT_VEHTYPE;597.22;501.03
40.00;179.44;t_3;-19831701_0;91.65;0.00;0.00;DEFAULT_VEHTYPE;254.45;569.24
41.00;359.10;t_1;211138994#0_0;66.49;0.00;0.00;DEFAULT_VEHTYPE;257.99;539.84
41.00;359.47;t_2;264479892_0;36.27;0.00;12.96;DEFAULT_VEHTYPE;597.10;513.98
41.00;179.44;t_3;-19831701_0;91.65;0.00;0.00;DEFAULT_VEHTYPE;254.45;569.24
42.00;359.10;t_1;211138994#0_0;66.49;0.00;0.00;DEFAULT_VEHTYPE;257.99;539.84
42.00;359.47;t_2;264479892_0;48.73;0.00;12.46;DEFAULT_VEHTYPE;596.98;526.44
42.00;179.44;t_3;-19831701_0;91.65;0.00;0.00;DEFAULT_VEHTYPE;254.45;569.24
43.00;359.10;t_1;211138994#0_0;66.49;0.00;0.00;DEFAULT_VEHTYPE;257.99;539.84
43.00;359.47;t_2;264479892_0;60.47;0.00;11.74;DEFAULT_VEHTYPE;596.87;538.18
43.00;179.44;t_3;-19831701_0;91.65;0.00;0.00;DEFAULT_VEHTYPE;254.45;569.24
44.00;359.10;t_1;211138994#0_0;66.49;0.00;0.00;DEFAULT_VEHTYPE;257.99;539.84
44.00;359.47;t_2;264479892_0;72.49;0.00;12.03;DEFAULT_VEHTYPE;596.76;550.20
44.00;179.44;t_3;-19831701_0;91.65;0.00;0.00;DEFAULT_VEHTYPE;254.45;569.24
45.00;0.17;t_1;:cluster_206146391_206146658_355348355_4_0;0.63;0.00;1.63;DEFAULT_VEHTYPE;258.05;541.46
45.00;359.47;t_2;264479892_0;84.26;0.00;11.77;DEFAULT_VEHTYPE;596.65;561.97
45.00;177.83;t_3;:cluster_206146391_206146658_355348355_14_0;1.32;0.00;2.33;DEFAULT_VEHTYPE;254.62;566.93
46.00;11.58;t_1;:cluster_206146391_206146658_355348355_4_0;3.81;0.00;3.18;DEFAULT_VEHTYPE;258.97;544.44
46.00;359.33;t_2;:2701578578_0_0;10.79;0.00;12.02;DEFAULT_VEHTYPE;596.50;573.99
46.00;173.13;t_3;:cluster_206146391_206146658_355348355_14_0;5.05;0.00;3.73;DEFAULT_VEHTYPE;255.06;563.23
47.00;63.75;t_1;:cluster_206146391_206146658_355348355_4_0;8.63;0.00;4.82;DEFAULT_VEHTYPE;263.13;546.39
47.00;359.12;t_2;264479894#0_0;12.04;0.00;12.43;DEFAULT_VEHTYPE;596.31;586.42
47.00;168.66;t_3;:cluster_206146391_206146658_355348355_14_0;9.17;0.00;4.12;DEFAULT_VEHTYPE;255.94;559.22
48.00;90.18;t_1;23687156#0_0;5.73;0.00;6.13;DEFAULT_VEHTYPE;269.26;546.42
48.00;359.12;t_2;264479894#0_0;24.67;0.00;12.63;DEFAULT_VEHTYPE;596.12;599.05
48.00;163.39;t_3;:cluster_206146391_206146658_355348355_22_0;4.37;0.00;5.20;DEFAULT_VEHTYPE;257.42;554.24
49.00;89.50;t_1;23687156#0_0;13.85;0.00;8.12;DEFAULT_VEHTYPE;277.38;546.49
49.00;359.10;t_2;:2533650947_4_0;3.28;0.00;12.37;DEFAULT_VEHTYPE;595.93;611.41
49.00;151.67;t_3;:cluster_206146391_206146658_355348355_22_0;10.76;0.00;6.39;DEFAULT_VEHTYPE;260.42;548.63
50.00;89.50;t_1;23687156#0_0;23.40;0.00;9.56;DEFAULT_VEHTYPE;286.93;546.57
50.00;359.09;t_2;264479894#1_0;5.76;0.00;11.88;DEFAULT_VEHTYPE;595.74;623.30
50.00;91.66;t_3;23687156#0_0;4.78;0.00;8.58;DEFAULT_VEHTYPE;268.31;546.43
51.00;89.50;t_1;23687156#0_0;35.39;0.00;11.99;DEFAULT_VEHTYPE;298.92;546.68
51.00;359.09;t_2;264479894#1_0;18.05;0.00;12.28;DEFAULT_VEHTYPE;595.54;635.58
51.00;89.50;t_3;23687156#0_0;14.26;0.00;9.48;DEFAULT_VEHTYPE;277.79;546.49
52.00;89.50;t_1;23687156#0_0;49.69;0.00;14.30;DEFAULT_VEHTYPE;313.21;546.80
52.00;359.09;t_2;264479894#1_0;29.94;0.00;11.90;DEFAULT_VEHTYPE;595.36;647.48
52.00;89.50;t_3;23687156#0_0;25.43;0.00;11.17;DEFAULT_VEHTYPE;288.96;546.59
53.00;89.50;t_1;23687156#0_0;66.28;0.00;16.59;DEFAULT_VEHTYPE;329.80;546.95
53.00;359.09;t_2;264479894#1_0;37.34;0.00;7.40;DEFAULT_VEHTYPE;595.24;654.87
53.00;89.50;t_3;23687156#0_0;38.52;0.00;13.09;DEFAULT_VEHTYPE;302.05;546.70
54.00;89.50;t_1;23687156#0_0;84.45;0.00;18.18;DEFAULT_VEHTYPE;347.98;547.11
54.00;359.09;t_2;264479894#1_0;40.23;0.00;2.90;DEFAULT_VEHTYPE;595.19;657.77
54.00;89.50;t_3;23687156#0_0;53.78;0.00;15.26;DEFAULT_VEHTYPE;317.31;546.84
55.00;89.50;t_1;23687156#0_0;104.93;0.00;20.48;DEFAULT_VEHTYPE;368.46;547.29
55.00;359.09;t_2;264479894#1_0;40.36;0.00;0.13;DEFAULT_VEHTYPE;595.19;657.89
55.00;89.50;t_3;23687156#0_0;71.46;0.00;17.69;DEFAULT_VEHTYPE;334.99;546.99
56.00;75.55;t_1;23687156#0_0;126.80;0.00;21.87;DEFAULT_VEHTYPE;389.98;550.41
56.00;359.09;t_2;264479894#1_0;40.38;0.00;0.02;DEFAULT_VEHTYPE;595.19;657.92
56.00;89.50;t_3;23687156#0_0;91.47;0.00;20.00;DEFAULT_VEHTYPE;354.99;547.17
57.00;60.50;t_1;23687156#0_0;149.41;0.00;22.61;DEFAULT_VEHTYPE;410.23;560.40
57.00;359.09;t_2;264479894#1_0;40.39;0.00;0.00;DEFAULT_VEHTYPE;595.19;657.92
57.00;86.52;t_3;23687156#0_0;112.78;0.00;21.32;DEFAULT_VEHTYPE;376.29;547.62
58.00;60.50;t_1;23687156#0_0;172.41;0.00;22.99;DEFAULT_VEHTYPE;430.24;571.72
58.00;359.09;t_2;264479894#1_0;40.39;0.00;0.00;DEFAULT_VEHTYPE;595.19;657.92
58.00;67.65;t_3;23687156#0_0;134.71;0.00;21.93;DEFAULT_VEHTYPE;397.30;553.42
59.00;60.40;t_1;:cluster_2614544862_2614544863_2926412925_6_0;5.08;0.00;23.18;DEFAULT_VEHTYPE;450.40;583.15
59.00;359.09;t_2;264479894#1_0;40.39;0.00;0.00;DEFAULT_VEHTYPE;595.19;657.92
59.00;60.50;t_3;23687156#0_0;156.67;0.00;21.96;DEFAULT_VEHTYPE;416.55;563.97
60.00;60.16;t_1;264479899#0_0;18.08;0.00;22.97;DEFAULT_VEHTYPE;470.34;594.56
60.00;359.09;t_2;264479894#1_0;40.39;0.00;0.00;DEFAULT_VEHTYPE;595.19;657.92
60.00;60.50;t_3;23687156#0_0;178.60;0.00;21.93;DEFAULT_VEHTYPE;435.63;574.77
61.00;60.02;t_1;:7658781209_0_0;0.30;0.00;23.50;DEFAULT_VEHTYPE;490.73;606.26
61.00;359.09;t_2;264479894#1_0;40.39;0.00;0.00;DEFAULT_VEHTYPE;595.19;657.92
61.00;60.40;t_3;:cluster_2614544862_2614544863_2926412925_6_0;9.94;0.00;21.85;DEFAULT_VEHTYPE;454.63;585.55
62.00;59.54;t_1;264479903#1-AddedOnRampEdge_1;15.27;0.00;22.84;DEFAULT_VEHTYPE;510.42;617.83
62.00;359.09;t_2;264479894#1_0;40.39;0.00;0.00;DEFAULT_VEHTYPE;595.19;657.92
62.00;60.16;t_3;264479899#0_0;21.65;0.00;21.67;DEFAULT_VEHTYPE;473.43;596.33
63.00;59.54;t_1;264479903#1-AddedOnRampEdge_1;38.60;0.00;23.33;DEFAULT_VEHTYPE;530.53;629.66
63.00;359.09;t_2;264479894#1_0;40.39;0.00;0.00;DEFAULT_VEHTYPE;595.19;657.92
63.00;59.81;t_3;:7658781209_0_0;2.42;0.00;22.06;DEFAULT_VEHTYPE;492.56;607.34
64.00;59.54;t_1;264479903#1-AddedOnRampEdge_1;61.44;0.00;22.84;DEFAULT_VEHTYPE;550.22;641.25
64.00;359.09;t_2;264479894#1_0;40.39;0.00;0.00;DEFAULT_VEHTYPE;595.19;657.92
64.00;59.54;t_3;264479903#1-AddedOnRampEdge_1;16.74;0.00;22.19;DEFAULT_VEHTYPE;511.68;618.58
65.00;59.54;t_1;264479903#1-AddedOnRampEdge_1;84.15;0.00;22.71;DEFAULT_VEHTYPE;569.80;652.76
65.00;359.09;t_2;264479894#1_0;40.39;0.00;0.00;DEFAULT_VEHTYPE;595.19;657.92
65.00;59.54;t_3;264479903#1-AddedOnRampEdge_1;38.10;0.00;21.36;DEFAULT_VEHTYPE;530.10;629.41
66.00;60.01;t_1;:264479903#1-AddedOnRampNode_0_0;6.67;0.00;18.25;DEFAULT_VEHTYPE;585.56;661.97
66.00;359.09;t_2;264479894#1_0;40.39;0.00;0.00;DEFAULT_VEHTYPE;595.19;657.92
66.00;59.54;t_3;264479903#1-AddedOnRampEdge_1;59.13;0.00;21.03;DEFAULT_VEHTYPE;548.23;640.07
67.00;16.71;t_1;:cluster_206146660_206146811_10_0;15.23;0.00;16.23;DEFAULT_VEHTYPE;592.09;676.49
67.00;359.09;t_2;264479894#1_0;40.39;0.00;0.00;DEFAULT_VEHTYPE;595.19;657.92
67.00;59.54;t_3;264479903#1-AddedOnRampEdge_1;75.66;0.00;16.53;DEFAULT_VEHTYPE;562.48;648.45
68.00;5.50;t_1;:cluster_206146660_206146811_20_0;6.71;0.00;15.04;DEFAULT_VEHTYPE;594.59;691.30
68.00;359.09;t_2;264479894#1_0;40.39;0.00;0.00;DEFAULT_VEHTYPE;595.19;657.92
68.00;59.54;t_3;264479903#1-AddedOnRampEdge_1;88.18;0.00;12.52;DEFAULT_VEHTYPE;573.27;654.80
69.00;359.70;t_1;211138992#0_0;10.76;0.00;14.20;DEFAULT_VEHTYPE;594.86;705.49
69.00;359.09;t_2;264479894#1_0;40.39;0.00;0.00;DEFAULT_VEHTYPE;595.19;657.92
69.00;59.59;t_3;:264479903#1-AddedOnRampNode_0_0;0.53;0.00;8.08;DEFAULT_VEHTYPE;580.24;658.89
70.00;359.70;t_1;211138992#0_0;21.51;0.00;10.75;DEFAULT_VEHTYPE;594.81;716.24
70.00;357.99;t_2;:cluster_206146660_206146811_6_0;0.89;0.00;1.89;DEFAULT_VEHTYPE;595.06;659.80
70.00;60.01;t_3;:264479903#1-AddedOnRampNode_0_0;5.52;0.00;4.99;DEFAULT_VEHTYPE;584.56;661.39
71.00;359.70;t_1;211138992#0_0;28.52;0.00;7.02;DEFAULT_VEHTYPE;594.77;723.25
71.00;352.54;t_2;:cluster_206146660_206146811_6_0;5.31;0.00;4.41;DEFAULT_VEHTYPE;594.49;664.18
71.00;60.01;t_3;:264479903#1-AddedOnRampNode_0_0;6.32;0.00;0.80;DEFAULT_VEHTYPE;585.25;661.79
72.00;359.70;t_1;211138992#0_0;31.98;0.00;3.46;DEFAULT_VEHTYPE;594.75;726.71
72.00;344.55;t_2;:cluster_206146660_206146811_18_0;5.57;0.00;6.04;DEFAULT_VEHTYPE;593.04;669.97
72.00;60.01;t_3;:264479903#1-AddedOnRampNode_0_0;6.63;0.00;0.31;DEFAULT_VEHTYPE;585.52;661.94
73.00;359.70;t_1;211138992#0_0;33.21;0.00;1.22;DEFAULT_VEHTYPE;594.75;727.94
73.00;315.24;t_2;:cluster_206146660_206146811_18_0;13.40;0.00;7.83;DEFAULT_VEHTYPE;588.42;675.87
73.00;60.01;t_3;:264479903#1-AddedOnRampNode_0_0;6.68;0.00;0.05;DEFAULT_VEHTYPE;585.57;661.97
74.00;359.70;t_1;211138992#0_0;33.22;0.00;0.02;DEFAULT_VEHTYPE;594.75;727.95
74.00;254.58;t_2;:cluster_206146660_206146811_18_0;22.04;0.00;8.64;DEFAULT_VEHTYPE;580.37;676.22
74.00;60.01;t_3;:264479903#1-AddedOnRampNode_0_0;6.68;0.00;0.00;DEFAULT_VEHTYPE;585.57;661.97
75.00;359.70;t_1;211138992#0_0;33.23;0.00;0.00;DEFAULT_VEHTYPE;594.75;727.96
75.00;240.24;t_2;264479898#0_0;5.47;0.00;8.39;DEFAULT_VEHTYPE;572.80;672.73
75.00;60.01;t_3;:264479903#1-AddedOnRampNode_0_0;6.68;0.00;0.00;DEFAULT_VEHTYPE;585.57;661.97
76.00;359.70;t_1;211138992#0_0;33.23;0.00;0.00;DEFAULT_VEHTYPE;594.75;727.96
76.00;240.24;t_2;264479898#0_0;16.22;0.00;10.76;DEFAULT_VEHTYPE;563.47;667.39
76.00;60.01;t_3;:264479903#1-AddedOnRampNode_0_0;6.68;0.00;0.00;DEFAULT_VEHTYPE;585.57;661.97
77.00;359.70;t_1;211138992#0_0;33.23;0.00;0.00;DEFAULT_VEHTYPE;594.75;727.96
77.00;240.24;t_2;264479898#0_0;28.34;0.00;12.12;DEFAULT_VEHTYPE;552.95;661.37
77.00;60.01;t_3;:264479903#1-AddedOnRampNode_0_0;6.68;0.00;0.00;DEFAULT_VEHTYPE;585.57;661.97
78.00;359.70;t_1;211138992#0_0;33.23;0.00;0.00;DEFAULT_VEHTYPE;594.75;727.96
78.00;240.24;t_2;264479898#0_0;42.08;0.00;13.74;DEFAULT_VEHTYPE;541.02;654.55
78.00;60.01;t_3;:264479903#1-AddedOnRampNode_0_0;6.68;0.00;0.00;DEFAULT_VEHTYPE;585.57;661.97
79.00;359.70;t_1;211138992#0_0;33.23;0.00;0.00;DEFAULT_VEHTYPE;594.75;727.96
79.00;240.24;t_2;264479898#0_0;57.55;0.00;15.47;DEFAULT_VEHTYPE;527.60;646.87
79.00;60.01;t_3;:264479903#1-AddedOnRampNode_0_0;6.68;0.00;0.00;DEFAULT_VEHTYPE;585.57;661.97
80.00;359.65;t_1;:256985162_2_0;1.17;0.00;2.17;DEFAULT_VEHTYPE;594.73;730.13
80.00;240.24;t_2;264479898#0_0;74.75;0.00;17.20;DEFAULT_VEHTYPE;512.67;638.33
80.00;60.74;t_3;:cluster_206146660_206146811_8_0;0.41;0.00;1.41;DEFAULT_VEHTYPE;586.82;662.62
81.00;359.48;t_1;:256985162_2_0;5.82;0.00;4.65;DEFAULT_VEHTYPE;594.69;734.78
81.00;240.24;t_2;264479898#0_0;94.22;0.00;19.47;DEFAULT_VEHTYPE;495.76;628.67
81.00;72.24;t_3;:cluster_206146660_206146811_8_0;3.58;0.00;3.17;DEFAULT_VEHTYPE;589.83;663.24
82.00;359.48;t_1;:256985162_2_0;12.20;0.00;6.38;DEFAULT_VEHTYPE;594.63;741.16
82.00;239.60;t_2;264479898#0_0;114.52;0.00;20.30;DEFAULT_VEHTYPE;478.18;618.52
82.00;160.18;t_3;-264479894#2_0;0.21;0.00;5.55;DEFAULT_VEHTYPE;591.98;658.66
83.00;359.25;t_1;44402497#0_0;5.48;0.00;8.56;DEFAULT_VEHTYPE;594.53;749.73
83.00;239.60;t_2;264479898#0_0;135.09;0.00;20.57;DEFAULT_VEHTYPE;460.45;608.11
83.00;179.09;t_3;-264479894#2_0;7.43;0.00;7.23;DEFAULT_VEHTYPE;592.09;651.44
84.00;359.24;t_1;44402497#0_0;15.54;0.00;10.06;DEFAULT_VEHTYPE;594.39;759.79
84.00;239.42;t_2;:cluster_2614544862_2614544863_2926412925_0_0;4.46;0.00;20.70;DEFAULT_VEHTYPE;442.60;597.62
84.00;179.09;t_3;-264479894#2_0;16.72;0.00;9.28;DEFAULT_VEHTYPE;592.24;642.16
85.00;359.24;t_1;44402497#0_0;26.94;0.00;11.40;DEFAULT_VEHTYPE;594.24;771.19
85.00;240.31;t_2;264479906#1_0;4.95;0.00;20.74;DEFAULT_VEHTYPE;424.63;587.27
85.00;179.09;t_3;-264479894#2_0;27.79;0.00;11.07;DEFAULT_VEHTYPE;592.41;631.09
86.00;359.24;t_1;44402497#0_0;40.83;0.00;13.89;DEFAULT_VEHTYPE;594.06;785.07
86.00;240.31;t_2;264479906#1_0;24.71;0.00;19.76;DEFAULT_VEHTYPE;407.46;577.48
86.00;179.09;t_3;-264479894#2_0;40.33;0.00;12.54;DEFAULT_VEHTYPE;592.61;618.55
87.00;359.23;t_1;:256986664_0_0;0.89;0.00;14.41;DEFAULT_VEHTYPE;593.87;799.48
87.00;242.97;t_2;264479906#1_0;45.01;0.00;20.30;DEFAULT_VEHTYPE;389.72;567.63
87.00;179.10;t_3;-264479894#0_0;2.75;0.00;13.21;DEFAULT_VEHTYPE;592.82;605.33
88.00;359.23;t_1;268593258_0;3.75;0.00;14.10;DEFAULT_VEHTYPE;593.67;813.58
88.00;269.46;t_2;264479906#1_0;65.37;0.00;20.36;DEFAULT_VEHTYPE;370.03;563.72
88.00;179.12;t_3;-264479894#0_0;15.57;0.00;12.83;DEFAULT_VEHTYPE;593.02;592.51
89.00;359.24;t_1;268593258_0;18.36;0.00;14.61;DEFAULT_VEHTYPE;593.48;828.18
89.00;269.46;t_2;264479906#1_0;85.66;0.00;20.29;DEFAULT_VEHTYPE;349.74;563.53
89.00;179.12;t_3;-264479894#0_0;29.24;0.00;13.67;DEFAULT_VEHTYPE;593.23;578.85
90.00;359.24;t_1;268593258_0;32.76;0.00;14.41;DEFAULT_VEHTYPE;593.29;842.59
90.00;269.46;t_2;264479906#1_0;105.27;0.00;19.61;DEFAULT_VEHTYPE;330.13;563.35
90.00;179.33;t_3;:2701578578_4_0;9.39;0.00;13.91;DEFAULT_VEHTYPE;593.41;564.94
91.00;359.24;t_1;268593258_0;47.20;0.00;14.44;DEFAULT_VEHTYPE;593.09;857.02
91.00;269.46;t_2;264479906#1_0;125.70;0.00;20.43;DEFAULT_VEHTYPE;309.70;563.16
91.00;179.47;t_3;-264479892_0;11.22;0.00;12.98;DEFAULT_VEHTYPE;593.54;551.95
92.00;359.24;t_1;268593258_0;61.01;0.00;13.81;DEFAULT_VEHTYPE;592.91;870.83
92.00;269.46;t_2;264479906#1_0;145.19;0.00;19.49;DEFAULT_VEHTYPE;290.21;562.97
92.00;179.47;t_3;-264479892_0;25.00;0.00;13.78;DEFAULT_VEHTYPE;593.67;538.17
93.00;359.24;t_1;268593258_0;74.87;0.00;13.86;DEFAULT_VEHTYPE;592.73;884.69
93.00;269.46;t_2;264479906#1_0;160.19;0.00;14.99;DEFAULT_VEHTYPE;275.21;562.83
93.00;179.47;t_3;-264479892_0;38.21;0.00;13.21;DEFAULT_VEHTYPE;593.79;524.96
94.00;359.24;t_1;268593258_0;89.40;0.00;14.53;DEFAULT_VEHTYPE;592.53;899.22
94.00;269.39;t_2;264479906#1_0;170.68;0.00;10.49;DEFAULT_VEHTYPE;264.72;562.73
94.00;179.47;t_3;-264479892_0;51.94;0.00;13.73;DEFAULT_VEHTYPE;593.92;511.23
95.00;287.65;t_2;:cluster_206146391_206146658_355348355_0_0;4.86;0.00;5.99;DEFAULT_VEHTYPE;259.08;564.19
95.00;179.47;t_3;-264479892_0;64.94;0.00;13.00;DEFAULT_VEHTYPE;594.04;498.23
96.00;342.32;t_2;19831701_0;0.49;0.00;4.90;DEFAULT_VEHTYPE;257.66;568.75
96.00;179.47;t_3;-264479892_0;77.28;0.00;12.34;DEFAULT_VEHTYPE;594.15;485.89
97.00;359.40;t_2;19831701_0;7.14;0.00;6.65;DEFAULT_VEHTYPE;257.59;575.40
97.00;179.47;t_3;-264479892_0;85.44;0.00;8.15;DEFAULT_VEHTYPE;594.23;477.73
98.00;359.38;t_2;19831701_0;16.33;0.00;9.19;DEFAULT_VEHTYPE;257.49;584.59
98.00;148.41;t_3;:249177473_18_0;3.80;0.00;7.95;DEFAULT_VEHTYPE;597.20;470.70
99.00;359.38;t_2;19831701_0;27.73;0.00;11.40;DEFAULT_VEHTYPE;257.37;595.99
99.00;95.39;t_3;264521010_0;1.47;0.00;7.79;DEFAULT_VEHTYPE;604.63;468.96
100.00;359.38;t_2;19831701_0;41.03;0.00;13.30;DEFAULT_VEHTYPE;257.22;609.29
100.00;89.62;t_3;264521010_0;11.13;0.00;9.66;DEFAULT_VEHTYPE;614.29;469.02
101.00;359.38;t_2;19831701_0;56.04;0.00;15.01;DEFAULT_VEHTYPE;257.06;624.30
101.00;89.62;t_3;264521010_0;23.33;0.00;12.20;DEFAULT_VEHTYPE;626.49;469.10
102.00;359.38;t_2;19831701_0;73.40;0.00;17.36;DEFAULT_VEHTYPE;256.87;641.66
102.00;89.62;t_3;264521010_0;36.98;0.00;13.65;DEFAULT_VEHTYPE;640.14;469.19
103.00;359.38;t_2;:256985156_4_0;0.29;0.00;19.55;DEFAULT_VEHTYPE;256.66;661.21
103.00;89.62;t_3;264521010_0;50.85;0.00;13.87;DEFAULT_VEHTYPE;654.01;469.28
104.00;359.46;t_2;264617942_0;5.80;0.00;19.91;DEFAULT_VEHTYPE;256.46;681.12
104.00;89.62;t_3;264521010_0;61.86;0.00;11.01;DEFAULT_VEHTYPE;665.02;469.36
105.00;359.46;t_2;264617942_0;25.58;0.00;19.78;DEFAULT_VEHTYPE;256.27;700.90
105.00;89.62;t_3;264521010_0;68.38;0.00;6.51;DEFAULT_VEHTYPE;671.54;469.40
106.00;359.46;t_2;264617942_0;46.25;0.00;20.67;DEFAULT_VEHTYPE;256.07;721.57
106.00;89.44;t_3;:285649183_7_0;5.88;0.00;9.07;DEFAULT_VEHTYPE;680.60;469.48
107.00;359.46;t_2;264617942_0;65.95;0.00;19.69;DEFAULT_VEHTYPE;255.89;741.27
107.00;89.44;t_3;:285649183_7_0;13.24;0.00;7.35;DEFAULT_VEHTYPE;687.96;469.55
108.00;359.46;t_2;264617943_0;8.21;0.00;20.01;DEFAULT_VEHTYPE;255.70;761.28
108.00;89.34;t_3;44741268_0;7.21;0.00;8.39;DEFAULT_VEHTYPE;696.34;469.64
109.00;359.46;t_2;264617943_0;29.05;0.00;20.84;DEFAULT_VEHTYPE;255.51;782.12
109.00;89.34;t_3;44741268_0;15.43;0.00;8.23;DEFAULT_VEHTYPE;704.57;469.74
110.00;359.46;t_2;264617943_0;49.30;0.00;20.25;DEFAULT_VEHTYPE;255.31;802.37
110.00;89.34;t_3;44741268_0;23.18;0.00;7.75;DEFAULT_VEHTYPE;712.32;469.83
111.00;359.46;t_2;264617943_0;70.04;0.00;20.74;DEFAULT_VEHTYPE;255.12;823.11
111.00;89.34;t_3;44741268_0;30.63;0.00;7.45;DEFAULT_VEHTYPE;719.77;469.91
112.00;359.46;t_2;264617943_0;90.77;0.00;20.73;DEFAULT_VEHTYPE;254.92;843.84
112.00;89.34;t_3;44741268_0;37.98;0.00;7.34;DEFAULT_VEHTYPE;727.11;469.99
113.00;89.34;t_3;44741268_0;45.60;0.00;7.62;DEFAULT_VEHTYPE;734.73;470.08
114.00;89.34;t_3;44741268_0;53.15;0.00;7.55;DEFAULT_VEHTYPE;742.29;470.17
115.00;89.34;t_3;44741268_0;61.18;0.00;8.03;DEFAULT_VEHTYPE;750.32;470.26
116.00;89.34;t_3;44741268_0;69.36;0.00;8.17;DEFAULT_VEHTYPE;758.49;470.35
117.00;89.30;t_3;44741268_0;77.20;0.00;7.84;DEFAULT_VEHTYPE;766.33;470.45
118.00;106.35;t_3;:249177464_3_0;4.57;0.00;5.41;DEFAULT_VEHTYPE;771.43;469.08
119.00;172.42;t_3;-264501968_0;2.06;0.00;6.54;DEFAULT_VEHTYPE;772.89;462.87
120.00;179.33;t_3;-264501968_0;10.00;0.00;7.94;DEFAULT_VEHTYPE;772.99;454.93
121.00;179.33;t_3;-264501968_0;18.25;0.00;8.25;DEFAULT_VEHTYPE;773.08;446.68
122.00;179.33;t_3;-264501968_0;25.89;0.00;7.64;DEFAULT_VEHTYPE;773.17;439.04
123.00;179.33;t_3;-264501968_0;33.82;0.00;7.93;DEFAULT_VEHTYPE;773.27;431.12
124.00;179.33;t_3;-264501968_0;42.10;0.00;8.29;DEFAULT_VEHTYPE;773.36;422.83
125.00;179.33;t_3;-264501968_0;50.43;0.00;8.32;DEFAULT_VEHTYPE;773.46;414.51
126.00;179.33;t_3;-264501968_0;57.97;0.00;7.54;DEFAULT_VEHTYPE;773.55;406.96
127.00;179.33;t_3;-264501968_0;66.26;0.00;8.29;DEFAULT_VEHTYPE;773.65;398.68
128.00;179.33;t_3;-264501968_0;73.93;0.00;7.67;DEFAULT_VEHTYPE;773.74;391.00
129.00;179.33;t_3;-264501968_0;82.19;0.00;8.26;DEFAULT_VEHTYPE;773.83;382.75
130.00;179.33;t_3;-264501968_0;90.21;0.00;8.02;DEFAULT_VEHTYPE;773.93;374.73
131.00;179.33;t_3;-264501968_0;98.36;0.00;8.15;DEFAULT_VEHTYPE;774.02;366.58
132.00;179.33;t_3;-264501968_0;105.94;0.00;7.58;DEFAULT_VEHTYPE;774.11;359.00
133.00;179.33;t_3;-264501968_0;114.09;0.00;8.15;DEFAULT_VEHTYPE;774.21;350.84
134.00;179.33;t_3;-264501968_0;121.98;0.00;7.88;DEFAULT_VEHTYPE;774.30;342.96
135.00;179.32;t_3;-264501968_0;129.10;0.00;7.12;DEFAULT_VEHTYPE;774.38;335.84
136.00;179.32;t_3;-264501968_0;137.49;0.00;8.40;DEFAULT_VEHTYPE;774.48;327.45
137.00;179.32;t_3;-264501968_0;145.76;0.00;8.27;DEFAULT_VEHTYPE;774.58;319.18
138.00;179.32;t_3;-264501968_0;152.89;0.00;7.13;DEFAULT_VEHTYPE;774.67;312.05
139.00;179.32;t_3;-264501968_0;160.18;0.00;7.29;DEFAULT_VEHTYPE;774.75;304.76
140.00;179.32;t_3;-264501968_0;167.68;0.00;7.49;DEFAULT_VEHTYPE;774.84;297.26
141.00;179.32;t_3;-264501968_0;175.99;0.00;8.31;DEFAULT_VEHTYPE;774.94;288.95
142.00;179.32;t_3;-264501968_0;184.41;0.00;8.41;DEFAULT_VEHTYPE;775.04;280.54
143.00;179.32;t_3;-264501968_0;191.96;0.00;7.56;DEFAULT_VEHTYPE;775.13;272.98
144.00;179.32;t_3;-264501968_0;199.11;0.00;7.15;DEFAULT_VEHTYPE;775.21;265.83
145.00;179.32;t_3;-264501968_0;206.85;0.00;7.74;DEFAULT_VEHTYPE;775.31;258.10
146.00;179.32;t_3;-264501968_0;214.76;0.00;7.92;DEFAULT_VEHTYPE;775.40;250.18
147.00;179.32;t_3;-264501968_0;222.07;0.00;7.30;DEFAULT_VEHTYPE;775.49;242.88
148.00;179.32;t_3;-264501968_0;230.17;0.00;8.11;DEFAULT_VEHTYPE;775.58;234.78
149.00;179.32;t_3;-264501968_0;237.79;0.00;7.62;DEFAULT_VEHTYPE;775.67;227.16
150.00;179.32;t_3;-264501968_0;245.04;0.00;7.26;DEFAULT_VEHTYPE;775.76;219.90
151.00;179.32;t_3;-264501968_0;252.71;0.00;7.67;DEFAULT_VEHTYPE;775.85;212.24
152.00;179.32;t_3;-264501968_0;260.53;0.00;7.81;DEFAULT_VEHTYPE;775.94;204.42
153.00;179.32;t_3;-264501968_0;268.21;0.00;7.68;DEFAULT_VEHTYPE;776.03;196.74
154.00;179.32;t_3;-264501968_0;276.19;0.00;7.97;DEFAULT_VEHTYPE;776.13;188.76
155.00;179.32;t_3;-264501968_0;284.34;0.00;8.15;DEFAULT_VEHTYPE;776.22;180.61
156.00;179.32;t_3;-264501968_0;292.02;0.00;7.68;DEFAULT_VEHTYPE;776.31;172.93
157.00;179.32;t_3;-264501968_0;299.18;0.00;7.16;DEFAULT_VEHTYPE;776.40;165.77
158.00;179.32;t_3;-264501968_0;306.70;0.00;7.52;DEFAULT_VEHTYPE;776.49;158.25
159.00;179.32;t_3;-264501968_0;313.92;0.00;7.22;DEFAULT_VEHTYPE;776.57;151.03
160.00;179.32;t_3;-264501968_0;322.14;0.00;8.22;DEFAULT_VEHTYPE;776.67;142.82
161.00;179.32;t_3;-264501968_0;329.86;0.00;7.72;DEFAULT_VEHTYPE;776.76;135.09
162.00;179.32;t_3;-264501968_0;338.16;0.00;8.30;DEFAULT_VEHTYPE;776.86;126.79
163.00;179.32;t_3;-264501968_0;345.90;0.00;7.74;DEFAULT_VEHTYPE;776.95;119.06
164.00;179.32;t_3;-264501968_0;353.47;0.00;7.57;DEFAULT_VEHTYPE;777.04;111.49
165.00;179.32;t_3;-264501968_0;360.76;0.00;7.29;DEFAULT_VEHTYPE;777.13;104.20
166.00;179.32;t_3;-264501968_0;369.14;0.00;8.39;DEFAULT_VEHTYPE;777.23;95.81
167.00;179.32;t_3;-264501968_0;376.48;0.00;7.34;DEFAULT_VEHTYPE;777.32;88.47
168.00;179.32;t_3;-264501968_0;384.61;0.00;8.12;DEFAULT_VEHTYPE;777.41;80.35
169.00;179.30;t_3;-264501968_0;391.93;0.00;7.32;DEFAULT_VEHTYPE;777.50;73.03
170.00;;;;;;;;;
